{
	"class_name" : "PinholeCameraParameters",
	"extrinsic" : 
	[
		0.94013928528766288,
		-0.12807322004594632,
		-0.31580907929612334,
		0.0,
		0.082069678847514871,
		-0.81433655749656486,
		0.57456117075426338,
		0.0,
		-0.33076077771203205,
		-0.56608587814191824,
		-0.75507886111029832,
		0.0,
		0.32955553848744046,
		0.45952285311552815,
		0.73995502277394121,
		1.0
	],
	"intrinsic" : 
	{
		"height" : 1025,
		"intrinsic_matrix" : 
		[
			887.67603887904966,
			0.0,
			0.0,
			0.0,
			887.67603887904966,
			0.0,
			926.0,
			512.0,
			1.0
		],
		"width" : 1853
	},
	"version_major" : 1,
	"version_minor" : 0
}