{
	"class_name" : "PinholeCameraParameters",
	"extrinsic" : 
	[
		0.97609103556710664,
		0.10350703516061444,
		0.19113498883719018,
		0.0,
		-0.084005248708835037,
		-0.63137559771150542,
		0.77091372591477847,
		0.0,
		0.20047296195472414,
		-0.76853831933528127,
		-0.60758492677024267,
		0.0,
		-0.080290148280454152,
		0.55257232941462664,
		0.53288070853094072,
		1.0
	],
	"intrinsic" : 
	{
		"height" : 1025,
		"intrinsic_matrix" : 
		[
			887.67603887904966,
			0.0,
			0.0,
			0.0,
			887.67603887904966,
			0.0,
			926.0,
			512.0,
			1.0
		],
		"width" : 1853
	},
	"version_major" : 1,
	"version_minor" : 0
}