{
	"class_name" : "PinholeCameraParameters",
	"extrinsic" : 
	[
		0.96605845375776578,
		-0.015847158751093909,
		-0.25783702504231715,
		0.0,
		0.14269180183649796,
		-0.7992888655622058,
		0.58376053230493052,
		0.0,
		-0.21533720907406703,
		-0.60073802688676192,
		-0.7698985059346406,
		0.0,
		0.24019258428218965,
		0.50949084449934812,
		0.76017064700092973,
		1.0
	],
	"intrinsic" : 
	{
		"height" : 1025,
		"intrinsic_matrix" : 
		[
			887.67603887904966,
			0.0,
			0.0,
			0.0,
			887.67603887904966,
			0.0,
			926.0,
			512.0,
			1.0
		],
		"width" : 1853
	},
	"version_major" : 1,
	"version_minor" : 0
}