{
	"class_name" : "PinholeCameraParameters",
	"extrinsic" : 
	[
		0.99155996080657305,
		-0.099018282460554344,
		-0.083691241261134475,
		0.0,
		-0.025938299474408628,
		-0.78398006171609136,
		0.62024387739985753,
		0.0,
		-0.12702774793580904,
		-0.61283818628590336,
		-0.77993160513224569,
		0.0,
		0.18843643796037646,
		0.5100782118338455,
		0.7816280437913018,
		1.0
	],
	"intrinsic" : 
	{
		"height" : 1025,
		"intrinsic_matrix" : 
		[
			887.67603887904966,
			0.0,
			0.0,
			0.0,
			887.67603887904966,
			0.0,
			926.0,
			512.0,
			1.0
		],
		"width" : 1853
	},
	"version_major" : 1,
	"version_minor" : 0
}