{
	"class_name" : "PinholeCameraParameters",
	"extrinsic" : 
	[
		0.92159913169634045,
		0.097397300489809879,
		0.37572437545872528,
		0.0,
		-0.236570577286696,
		-0.62647548331060654,
		0.74267276156661466,
		0.0,
		0.30771643183098119,
		-0.77333190459726919,
		-0.55431792584506001,
		0.0,
		-0.12627359303649707,
		0.55186979748687637,
		0.54934807612330905,
		1.0
	],
	"intrinsic" : 
	{
		"height" : 1025,
		"intrinsic_matrix" : 
		[
			887.67603887904966,
			0.0,
			0.0,
			0.0,
			887.67603887904966,
			0.0,
			926.0,
			512.0,
			1.0
		],
		"width" : 1853
	},
	"version_major" : 1,
	"version_minor" : 0
}